{"coverage": 83.88888888888889, "raw_data": {"meta": {"version": "7.3.2", "timestamp": "2023-10-11T11:14:07.415972", "branch_coverage": false, "show_contexts": false}, "files": {"autoemulate/__init__.py": {"executed_lines": [1], "summary": {"covered_lines": 0, "num_statements": 0, "percent_covered": 100.0, "percent_covered_display": "100", "missing_lines": 0, "excluded_lines": 0}, "missing_lines": [], "excluded_lines": []}, "autoemulate/compare.py": {"executed_lines": [1, 2, 3, 4, 5, 6, 7, 8, 11, 12, 14, 16, 17, 18, 23, 24, 26, 41, 42, 43, 46, 47, 48, 50, 52, 55, 57, 58, 59, 60, 62, 98, 108, 109, 110, 111, 113, 124, 125, 127, 142, 143, 145, 162, 163, 164, 165, 166, 167, 169, 182, 183, 184, 185, 187, 188, 189, 191, 192, 194, 195, 200, 201, 209, 211], "summary": {"covered_lines": 64, "num_statements": 112, "percent_covered": 57.142857142857146, "percent_covered_display": "57", "missing_lines": 48, "excluded_lines": 0}, "missing_lines": [53, 72, 73, 80, 81, 84, 85, 91, 92, 93, 94, 95, 96, 219, 220, 221, 223, 225, 226, 227, 229, 230, 232, 233, 234, 236, 237, 238, 239, 241, 242, 243, 244, 248, 256, 257, 258, 260, 261, 262, 264, 265, 267, 268, 269, 270, 272, 273], "excluded_lines": []}, "autoemulate/cv.py": {"executed_lines": [1, 4, 19, 22, 40], "summary": {"covered_lines": 5, "num_statements": 6, "percent_covered": 83.33333333333333, "percent_covered_display": "83", "missing_lines": 1, "excluded_lines": 0}, "missing_lines": [37], "excluded_lines": []}, "autoemulate/emulators.py": {"executed_lines": [1, 2, 3, 4, 5, 6, 7, 10, 11, 13, 14, 18, 19, 32, 33, 43, 44, 59, 60, 65, 67, 68, 69, 71, 81, 83, 96, 98, 114, 115, 118, 119, 124, 126, 127, 128, 130, 140, 142, 155, 157, 174, 175, 178, 179, 184, 186, 187, 188, 190, 201, 202, 210, 212, 226, 227, 231, 249, 250, 253, 254, 259, 261, 262, 263, 265, 275, 276, 278, 291, 292, 296, 311, 312, 315], "summary": {"covered_lines": 70, "num_statements": 76, "percent_covered": 92.10526315789474, "percent_covered_display": "92", "missing_lines": 6, "excluded_lines": 0}, "missing_lines": [16, 30, 41, 56, 229, 294], "excluded_lines": []}, "autoemulate/experimental_design.py": {"executed_lines": [1, 2, 5, 6, 18, 19, 29, 30, 41, 42, 52, 54, 67, 69, 77], "summary": {"covered_lines": 15, "num_statements": 18, "percent_covered": 83.33333333333333, "percent_covered_display": "83", "missing_lines": 3, "excluded_lines": 0}, "missing_lines": [16, 27, 38], "excluded_lines": []}, "autoemulate/metrics.py": {"executed_lines": [1, 2, 5, 15, 18, 28, 31], "summary": {"covered_lines": 7, "num_statements": 7, "percent_covered": 100.0, "percent_covered_display": "100", "missing_lines": 0, "excluded_lines": 0}, "missing_lines": [], "excluded_lines": []}, "tests/__init__.py": {"executed_lines": [1], "summary": {"covered_lines": 0, "num_statements": 0, "percent_covered": 100.0, "percent_covered_display": "100", "missing_lines": 0, "excluded_lines": 0}, "missing_lines": [], "excluded_lines": []}, "tests/test_compare.py": {"executed_lines": [1, 2, 3, 4, 5, 6, 7, 8, 9, 12, 13, 14, 15, 16, 19, 20, 21, 22, 23, 24, 27, 28, 29, 30, 31, 32, 33, 36, 37, 38, 39, 42, 43, 44, 45, 46, 49, 50, 51, 52, 54, 55, 57, 58, 61, 62, 63, 64, 66, 67, 68, 69, 72, 73, 74, 75, 76, 77, 79, 81, 83, 86, 87, 89, 90], "summary": {"covered_lines": 65, "num_statements": 65, "percent_covered": 100.0, "percent_covered_display": "100", "missing_lines": 0, "excluded_lines": 0}, "missing_lines": [], "excluded_lines": []}, "tests/test_emulators.py": {"executed_lines": [1, 2, 3, 4, 7, 9, 10, 14, 15, 17, 18, 19, 20, 24, 25, 27, 28, 29, 30, 34, 35, 37, 38, 39, 40, 44, 45, 46, 49, 50, 51, 52, 55, 56, 57, 58, 61, 62, 63, 64, 68, 69, 70, 73, 74, 75, 76, 79, 80, 81, 82, 85, 86, 87, 88], "summary": {"covered_lines": 55, "num_statements": 55, "percent_covered": 100.0, "percent_covered_display": "100", "missing_lines": 0, "excluded_lines": 0}, "missing_lines": [], "excluded_lines": []}, "tests/test_experimental_design.py": {"executed_lines": [1, 2, 3, 6, 7, 8, 11, 12, 15, 16, 20, 21, 22, 25, 26, 29, 30, 33, 34, 37, 38], "summary": {"covered_lines": 21, "num_statements": 21, "percent_covered": 100.0, "percent_covered_display": "100", "missing_lines": 0, "excluded_lines": 0}, "missing_lines": [], "excluded_lines": []}}, "totals": {"covered_lines": 302, "num_statements": 360, "percent_covered": 83.88888888888889, "percent_covered_display": "84", "missing_lines": 58, "excluded_lines": 0}}, "coverage_path": "."}