{"coverage": 86.84470820969338, "raw_data": {"meta": {"version": "7.3.2", "timestamp": "2023-12-04T11:56:55.808479", "branch_coverage": false, "show_contexts": false}, "files": {"autoemulate/__init__.py": {"executed_lines": [1], "summary": {"covered_lines": 0, "num_statements": 0, "percent_covered": 100.0, "percent_covered_display": "100", "missing_lines": 0, "excluded_lines": 0}, "missing_lines": [], "excluded_lines": []}, "autoemulate/compare.py": {"executed_lines": [1, 2, 3, 5, 6, 7, 8, 9, 10, 12, 13, 14, 15, 16, 17, 18, 21, 22, 24, 25, 26, 28, 70, 71, 72, 73, 74, 75, 76, 77, 78, 79, 80, 81, 82, 84, 101, 102, 103, 105, 122, 123, 124, 125, 127, 140, 142, 155, 162, 164, 182, 183, 187, 188, 190, 204, 206, 223, 225, 233, 234, 237, 243, 245, 246, 250, 253, 255, 283, 286, 288, 289, 291, 293, 304, 306, 312, 330, 331, 332, 333, 340, 380, 396, 403, 406, 407, 408, 409, 411, 415, 417, 419, 421, 422, 423, 424, 427, 428, 434, 435, 437, 440, 441, 443], "summary": {"covered_lines": 105, "num_statements": 121, "percent_covered": 86.77685950413223, "percent_covered_display": "87", "missing_lines": 16, "excluded_lines": 0}, "missing_lines": [247, 308, 309, 310, 351, 358, 359, 365, 366, 369, 370, 373, 375, 376, 378, 452], "excluded_lines": []}, "autoemulate/cv.py": {"executed_lines": [1, 4, 19, 22], "summary": {"covered_lines": 4, "num_statements": 4, "percent_covered": 100.0, "percent_covered_display": "100", "missing_lines": 0, "excluded_lines": 0}, "missing_lines": [], "excluded_lines": []}, "autoemulate/datasets.py": {"executed_lines": [1, 2, 3, 4, 5, 7, 10, 41, 42, 43, 45, 46, 48, 51], "summary": {"covered_lines": 14, "num_statements": 20, "percent_covered": 70.0, "percent_covered_display": "70", "missing_lines": 6, "excluded_lines": 0}, "missing_lines": [89, 90, 91, 93, 94, 96], "excluded_lines": []}, "autoemulate/emulators/__init__.py": {"executed_lines": [1, 2, 3, 4, 5, 6, 7, 8, 9, 11], "summary": {"covered_lines": 10, "num_statements": 10, "percent_covered": 100.0, "percent_covered_display": "100", "missing_lines": 0, "excluded_lines": 0}, "missing_lines": [], "excluded_lines": []}, "autoemulate/emulators/gaussian_process.py": {"executed_lines": [1, 2, 3, 5, 8, 9, 14, 16, 18, 33, 34, 35, 36, 37, 38, 40, 57, 58, 59, 60, 61, 63, 65, 70], "summary": {"covered_lines": 23, "num_statements": 26, "percent_covered": 88.46153846153847, "percent_covered_display": "88", "missing_lines": 3, "excluded_lines": 0}, "missing_lines": [67, 68, 71], "excluded_lines": []}, "autoemulate/emulators/gaussian_process_sk.py": {"executed_lines": [1, 2, 3, 4, 5, 8, 9, 14, 25, 26, 27, 28, 29, 30, 31, 33, 48, 49, 50, 59, 60, 61, 62, 64, 81, 82, 83, 85, 101, 102], "summary": {"covered_lines": 29, "num_statements": 31, "percent_covered": 93.54838709677419, "percent_covered_display": "94", "missing_lines": 2, "excluded_lines": 0}, "missing_lines": [87, 99], "excluded_lines": []}, "autoemulate/emulators/gradient_boosting.py": {"executed_lines": [1, 2, 3, 6, 7, 12, 27, 28, 29, 30, 31, 32, 33, 34, 35, 36, 37, 39, 54, 58, 59, 72, 73, 74, 76, 89, 90, 91, 93, 95, 105, 107, 108], "summary": {"covered_lines": 32, "num_statements": 32, "percent_covered": 100.0, "percent_covered_display": "100", "missing_lines": 0, "excluded_lines": 0}, "missing_lines": [], "excluded_lines": []}, "autoemulate/emulators/neural_net_sk.py": {"executed_lines": [1, 2, 4, 5, 6, 7, 10, 11, 16, 29, 30, 31, 32, 33, 34, 35, 36, 37, 39, 55, 56, 57, 67, 68, 70, 71, 72, 74, 87, 88, 89, 91, 111, 112], "summary": {"covered_lines": 33, "num_statements": 35, "percent_covered": 94.28571428571429, "percent_covered_display": "94", "missing_lines": 2, "excluded_lines": 0}, "missing_lines": [93, 109], "excluded_lines": []}, "autoemulate/emulators/neural_net_torch.py": {"executed_lines": [5, 6, 7, 8, 9, 10, 13, 14, 16, 22, 23, 31, 37, 46, 47, 83, 96], "summary": {"covered_lines": 16, "num_statements": 35, "percent_covered": 45.714285714285715, "percent_covered_display": "46", "missing_lines": 19, "excluded_lines": 0}, "missing_lines": [17, 18, 24, 25, 26, 28, 29, 32, 33, 34, 35, 38, 39, 40, 41, 42, 65, 84, 97], "excluded_lines": []}, "autoemulate/emulators/radial_basis.py": {"executed_lines": [1, 3, 4, 6, 9, 10, 15, 26, 51, 73, 82], "summary": {"covered_lines": 10, "num_statements": 29, "percent_covered": 34.48275862068966, "percent_covered_display": "34", "missing_lines": 19, "excluded_lines": 0}, "missing_lines": [22, 23, 24, 41, 42, 43, 46, 47, 48, 49, 64, 65, 66, 69, 70, 71, 75, 80, 83], "excluded_lines": []}, "autoemulate/emulators/random_forest.py": {"executed_lines": [1, 3, 4, 5, 8, 9, 14, 28, 29, 30, 31, 32, 33, 34, 35, 36, 37, 39, 55, 56, 57, 66, 67, 68, 70, 87, 88, 89, 91, 93, 103, 105, 106], "summary": {"covered_lines": 32, "num_statements": 32, "percent_covered": 100.0, "percent_covered_display": "100", "missing_lines": 0, "excluded_lines": 0}, "missing_lines": [], "excluded_lines": []}, "autoemulate/emulators/second_order_polynomials.py": {"executed_lines": [1, 3, 4, 6, 9, 10, 15, 17, 19, 34, 35, 36, 37, 38, 39, 40, 42, 55, 56, 57, 58, 60, 70, 71], "summary": {"covered_lines": 23, "num_statements": 24, "percent_covered": 95.83333333333333, "percent_covered_display": "96", "missing_lines": 1, "excluded_lines": 0}, "missing_lines": [68], "excluded_lines": []}, "autoemulate/emulators/support_vector_machines.py": {"executed_lines": [1, 3, 4, 5, 7, 10, 11, 16, 32, 33, 34, 35, 36, 37, 38, 39, 40, 41, 42, 43, 45, 60, 69, 70, 72, 73, 79, 92, 93, 94, 96, 109, 110, 111, 113, 114, 116, 118, 135, 136], "summary": {"covered_lines": 39, "num_statements": 44, "percent_covered": 88.63636363636364, "percent_covered_display": "89", "missing_lines": 5, "excluded_lines": 0}, "missing_lines": [75, 76, 77, 120, 133], "excluded_lines": []}, "autoemulate/experimental_design.py": {"executed_lines": [1, 2, 5, 6, 18, 19, 29, 30, 41, 42, 52, 54, 67, 69, 77], "summary": {"covered_lines": 15, "num_statements": 18, "percent_covered": 83.33333333333333, "percent_covered_display": "83", "missing_lines": 3, "excluded_lines": 0}, "missing_lines": [16, 27, 38], "excluded_lines": []}, "autoemulate/hyperparam_search.py": {"executed_lines": [1, 2, 3, 11, 12, 14, 33, 34, 35, 36, 37, 39, 64, 65, 68, 69, 75, 78, 83, 84, 99, 100, 101, 104, 106, 127, 128, 147, 148, 149, 150, 151, 152, 153, 155, 157, 158, 159, 161], "summary": {"covered_lines": 38, "num_statements": 48, "percent_covered": 79.16666666666667, "percent_covered_display": "79", "missing_lines": 10, "excluded_lines": 0}, "missing_lines": [72, 79, 93, 95, 97, 120, 121, 122, 124, 125], "excluded_lines": []}, "autoemulate/logging_config.py": {"executed_lines": [1, 2, 5, 7, 8, 9, 12, 13, 16, 17, 20, 23, 30, 31, 32, 33, 37], "summary": {"covered_lines": 17, "num_statements": 21, "percent_covered": 80.95238095238095, "percent_covered_display": "81", "missing_lines": 4, "excluded_lines": 0}, "missing_lines": [24, 25, 26, 27], "excluded_lines": []}, "autoemulate/metrics.py": {"executed_lines": [1, 2, 5, 15, 18, 28, 31], "summary": {"covered_lines": 7, "num_statements": 7, "percent_covered": 100.0, "percent_covered_display": "100", "missing_lines": 0, "excluded_lines": 0}, "missing_lines": [], "excluded_lines": []}, "autoemulate/plotting.py": {"executed_lines": [1, 2, 5, 41, 70, 95], "summary": {"covered_lines": 6, "num_statements": 38, "percent_covered": 15.789473684210526, "percent_covered_display": "16", "missing_lines": 32, "excluded_lines": 0}, "missing_lines": [22, 23, 25, 26, 28, 29, 31, 32, 33, 34, 35, 36, 37, 38, 58, 59, 85, 86, 87, 88, 89, 90, 91, 92, 116, 119, 120, 125, 126, 127, 128, 129], "excluded_lines": []}, "autoemulate/utils.py": {"executed_lines": [1, 2, 3, 4, 5, 6, 7, 10, 11, 14, 15, 18, 20, 22, 23, 26, 27, 30, 33, 50, 52, 55, 56, 58, 61, 62, 66, 69, 86, 87, 89, 92, 103, 119, 120, 122, 123, 125, 128, 129, 133, 136, 156, 157, 159, 160, 162, 163, 165, 166, 167, 169, 172, 190, 191, 192, 195, 213], "summary": {"covered_lines": 58, "num_statements": 63, "percent_covered": 92.06349206349206,