{"coverage": 91.5129151291513, "raw_data": {"meta": {"version": "7.3.1", "timestamp": "2023-10-02T09:21:57.414146", "branch_coverage": false, "show_contexts": false}, "files": {"autoemulate/__init__.py": {"executed_lines": [1], "summary": {"covered_lines": 0, "num_statements": 0, "percent_covered": 100.0, "percent_covered_display": "100", "missing_lines": 0, "excluded_lines": 0}, "missing_lines": [], "excluded_lines": []}, "autoemulate/compare.py": {"executed_lines": [1, 2, 10, 11, 12, 13, 16, 17, 19, 21, 22, 23, 24, 25, 26, 28, 29, 30, 31, 34, 35, 37, 38, 41, 43, 44, 45, 46, 48, 56, 91, 92, 93, 95, 97, 100, 101, 102, 104, 105, 106, 107, 108, 109, 110, 112, 113, 114, 116, 117, 118, 120, 121, 123, 124, 126], "summary": {"covered_lines": 55, "num_statements": 69, "percent_covered": 79.71014492753623, "percent_covered_display": "80", "missing_lines": 14, "excluded_lines": 0}, "missing_lines": [39, 57, 59, 61, 70, 71, 74, 77, 85, 86, 88, 89, 96, 98], "excluded_lines": []}, "autoemulate/emulators.py": {"executed_lines": [1, 2, 3, 4, 5, 6, 7, 10, 11, 13, 14, 18, 19, 32, 33, 43, 44, 59, 60, 65, 67, 68, 69, 71, 81, 83, 96, 98, 114, 115, 118, 119, 124, 126, 127, 128, 130, 140, 142, 155, 157, 174, 175, 178, 179, 184, 186, 187, 188, 190, 201, 202, 210, 212, 226, 227, 231, 249, 250, 253, 254, 259, 261, 262, 263, 265, 275, 276, 278, 291, 292, 296, 311, 312, 315], "summary": {"covered_lines": 70, "num_statements": 76, "percent_covered": 92.10526315789474, "percent_covered_display": "92", "missing_lines": 6, "excluded_lines": 0}, "missing_lines": [16, 30, 41, 56, 229, 294], "excluded_lines": []}, "autoemulate/experimental_design.py": {"executed_lines": [1, 2, 5, 6, 18, 19, 29, 30, 41, 42, 52, 54, 67, 69, 77], "summary": {"covered_lines": 15, "num_statements": 18, "percent_covered": 83.33333333333333, "percent_covered_display": "83", "missing_lines": 3, "excluded_lines": 0}, "missing_lines": [16, 27, 38], "excluded_lines": []}, "autoemulate/metrics.py": {"executed_lines": [1, 2, 5, 15, 18, 28, 31], "summary": {"covered_lines": 7, "num_statements": 7, "percent_covered": 100.0, "percent_covered_display": "100", "missing_lines": 0, "excluded_lines": 0}, "missing_lines": [], "excluded_lines": []}, "tests/__init__.py": {"executed_lines": [1], "summary": {"covered_lines": 0, "num_statements": 0, "percent_covered": 100.0, "percent_covered_display": "100", "missing_lines": 0, "excluded_lines": 0}, "missing_lines": [], "excluded_lines": []}, "tests/test_compare.py": {"executed_lines": [1, 2, 3, 4, 5, 8, 10, 11, 14, 15, 17, 18, 19, 20, 21, 22, 23, 24, 27, 28, 32, 33, 37, 38], "summary": {"covered_lines": 24, "num_statements": 24, "percent_covered": 100.0, "percent_covered_display": "100", "missing_lines": 0, "excluded_lines": 0}, "missing_lines": [], "excluded_lines": []}, "tests/test_emulators.py": {"executed_lines": [1, 2, 3, 4, 7, 9, 10, 14, 15, 17, 18, 19, 20, 24, 25, 27, 28, 29, 30, 34, 35, 37, 38, 39, 40, 44, 45, 46, 49, 50, 51, 52, 55, 56, 57, 58, 61, 62, 63, 64, 65, 69, 70, 71, 74, 75, 76, 77, 80, 81, 82, 83, 86, 87, 88, 89], "summary": {"covered_lines": 56, "num_statements": 56, "percent_covered": 100.0, "percent_covered_display": "100", "missing_lines": 0, "excluded_lines": 0}, "missing_lines": [], "excluded_lines": []}, "tests/test_experimental_design.py": {"executed_lines": [1, 2, 3, 6, 7, 8, 11, 12, 15, 16, 20, 21, 22, 25, 26, 29, 30, 33, 34, 37, 38], "summary": {"covered_lines": 21, "num_statements": 21, "percent_covered": 100.0, "percent_covered_display": "100", "missing_lines": 0, "excluded_lines": 0}, "missing_lines": [], "excluded_lines": []}}, "totals": {"covered_lines": 248, "num_statements": 271, "percent_covered": 91.5129151291513, "percent_covered_display": "92", "missing_lines": 23, "excluded_lines": 0}}, "coverage_path": "."}