{"coverage": 64.46886446886447, "raw_data": {"meta": {"version": "7.3.2", "timestamp": "2023-10-03T15:39:23.731657", "branch_coverage": false, "show_contexts": false}, "files": {"autoemulate/__init__.py": {"executed_lines": [1], "summary": {"covered_lines": 0, "num_statements": 0, "percent_covered": 100.0, "percent_covered_display": "100", "missing_lines": 0, "excluded_lines": 0}, "missing_lines": [], "excluded_lines": []}, "autoemulate/compare.py": {"executed_lines": [1, 2, 3, 4, 5, 6, 7, 10, 11, 13, 24, 48, 60, 96, 111, 125, 143, 167], "summary": {"covered_lines": 17, "num_statements": 70, "percent_covered": 24.285714285714285, "percent_covered_display": "24", "missing_lines": 53, "excluded_lines": 0}, "missing_lines": [15, 16, 17, 22, 39, 40, 41, 44, 45, 46, 50, 51, 53, 55, 56, 57, 58, 70, 71, 78, 79, 82, 83, 89, 90, 91, 92, 93, 94, 106, 107, 108, 109, 122, 123, 140, 141, 160, 161, 162, 163, 164, 165, 180, 181, 183, 184, 185, 187, 188, 190, 191, 199], "excluded_lines": []}, "autoemulate/cv.py": {"executed_lines": [1, 4, 22, 40], "summary": {"covered_lines": 4, "num_statements": 6, "percent_covered": 66.66666666666667, "percent_covered_display": "67", "missing_lines": 2, "excluded_lines": 0}, "missing_lines": [19, 37], "excluded_lines": []}, "autoemulate/emulators.py": {"executed_lines": [1, 2, 3, 4, 5, 6, 7, 10, 11, 13, 14, 18, 19, 32, 33, 43, 44, 59, 60, 65, 71, 83, 98, 118, 119, 124, 126, 127, 128, 130, 140, 142, 155, 157, 178, 179, 184, 190, 212, 231, 253, 254, 259, 261, 262, 263, 265, 275, 276, 278, 291, 292, 296, 315], "summary": {"covered_lines": 49, "num_statements": 76, "percent_covered": 64.47368421052632, "percent_covered_display": "64", "missing_lines": 27, "excluded_lines": 0}, "missing_lines": [16, 30, 41, 56, 67, 68, 69, 81, 96, 114, 115, 174, 175, 186, 187, 188, 201, 202, 210, 226, 227, 229, 249, 250, 294, 311, 312], "excluded_lines": []}, "autoemulate/experimental_design.py": {"executed_lines": [1, 2, 5, 6, 18, 19, 29, 30, 41, 42, 52, 54, 67, 69, 77], "summary": {"covered_lines": 15, "num_statements": 18, "percent_covered": 83.33333333333333, "percent_covered_display": "83", "missing_lines": 3, "excluded_lines": 0}, "missing_lines": [16, 27, 38], "excluded_lines": []}, "autoemulate/metrics.py": {"executed_lines": [1, 2, 5, 18, 31], "summary": {"covered_lines": 5, "num_statements": 7, "percent_covered": 71.42857142857143, "percent_covered_display": "71", "missing_lines": 2, "excluded_lines": 0}, "missing_lines": [15, 28], "excluded_lines": []}, "tests/__init__.py": {"executed_lines": [1], "summary": {"covered_lines": 0, "num_statements": 0, "percent_covered": 100.0, "percent_covered_display": "100", "missing_lines": 0, "excluded_lines": 0}, "missing_lines": [], "excluded_lines": []}, "tests/test_compare.py": {"executed_lines": [1, 2, 3, 4, 5, 6, 9, 15, 16], "summary": {"covered_lines": 9, "num_statements": 19, "percent_covered": 47.36842105263158, "percent_covered_display": "47", "missing_lines": 10, "excluded_lines": 0}, "missing_lines": [11, 12, 18, 19, 20, 21, 22, 23, 24, 25], "excluded_lines": []}, "tests/test_emulators.py": {"executed_lines": [1, 2, 3, 4, 7, 9, 10, 14, 15, 17, 18, 19, 20, 24, 25, 27, 28, 29, 30, 34, 35, 37, 38, 39, 40, 44, 45, 46, 49, 50, 51, 52, 55, 56, 57, 58, 61, 62, 63, 64, 65, 69, 70, 71, 74, 75, 76, 77, 80, 81, 82, 83, 86, 87, 88, 89], "summary": {"covered_lines": 56, "num_statements": 56, "percent_covered": 100.0, "percent_covered_display": "100", "missing_lines": 0, "excluded_lines": 0}, "missing_lines": [], "excluded_lines": []}, "tests/test_experimental_design.py": {"executed_lines": [1, 2, 3, 6, 7, 8, 11, 12, 15, 16, 20, 21, 22, 25, 26, 29, 30, 33, 34, 37, 38], "summary": {"covered_lines": 21, "num_statements": 21, "percent_covered": 100.0, "percent_covered_display": "100", "missing_lines": 0, "excluded_lines": 0}, "missing_lines": [], "excluded_lines": []}}, "totals": {"covered_lines": 176, "num_statements": 273, "percent_covered": 64.46886446886447, "percent_covered_display": "64", "missing_lines": 97, "excluded_lines": 0}}, "coverage_path": "."}