{"coverage": 87.01298701298701, "raw_data": {"meta": {"version": "7.4.0", "timestamp": "2024-01-08T10:33:37.000862", "branch_coverage": false, "show_contexts": false}, "files": {"autoemulate/__init__.py": {"executed_lines": [1], "summary": {"covered_lines": 0, "num_statements": 0, "percent_covered": 100.0, "percent_covered_display": "100", "missing_lines": 0, "excluded_lines": 0}, "missing_lines": [], "excluded_lines": []}, "autoemulate/compare.py": {"executed_lines": [1, 2, 3, 5, 6, 7, 8, 9, 10, 12, 13, 14, 15, 16, 17, 18, 19, 22, 23, 25, 26, 27, 29, 71, 72, 73, 74, 75, 76, 77, 78, 79, 80, 81, 82, 83, 85, 102, 103, 104, 106, 123, 124, 125, 126, 128, 141, 143, 156, 163, 165, 183, 184, 188, 189, 191, 205, 207, 224, 226, 234, 235, 238, 244, 246, 247, 251, 254, 255, 257, 285, 288, 290, 291, 293, 295, 306, 308, 314, 332, 333, 334, 335, 342, 385, 401, 408, 411, 412, 413, 414, 417, 418, 420, 424, 426, 433, 438, 440, 441, 442, 443, 446, 447, 453, 454, 456, 459, 460, 462], "summary": {"covered_lines": 110, "num_statements": 131, "percent_covered": 83.96946564885496, "percent_covered_display": "84", "missing_lines": 21, "excluded_lines": 0}, "missing_lines": [248, 310, 311, 312, 358, 365, 366, 372, 373, 376, 377, 380, 381, 383, 428, 429, 430, 431, 435, 436, 471], "excluded_lines": []}, "autoemulate/cv.py": {"executed_lines": [1, 4, 19, 22], "summary": {"covered_lines": 4, "num_statements": 4, "percent_covered": 100.0, "percent_covered_display": "100", "missing_lines": 0, "excluded_lines": 0}, "missing_lines": [], "excluded_lines": []}, "autoemulate/datasets.py": {"executed_lines": [1, 2, 3, 4, 5, 7, 10, 41, 42, 43, 45, 46, 48, 51], "summary": {"covered_lines": 14, "num_statements": 20, "percent_covered": 70.0, "percent_covered_display": "70", "missing_lines": 6, "excluded_lines": 0}, "missing_lines": [89, 90, 91, 93, 94, 96], "excluded_lines": []}, "autoemulate/emulators/__init__.py": {"executed_lines": [1, 2, 3, 4, 5, 6, 7, 8, 9, 10, 12], "summary": {"covered_lines": 11, "num_statements": 11, "percent_covered": 100.0, "percent_covered_display": "100", "missing_lines": 0, "excluded_lines": 0}, "missing_lines": [], "excluded_lines": []}, "autoemulate/emulators/gaussian_process.py": {"executed_lines": [1, 2, 3, 4, 5, 8, 9, 14, 16, 18, 33, 34, 35, 36, 37, 38, 40, 57, 58, 59, 60, 61, 63, 65, 81], "summary": {"covered_lines": 24, "num_statements": 32, "percent_covered": 75.0, "percent_covered_display": "75", "missing_lines": 8, "excluded_lines": 0}, "missing_lines": [67, 70, 74, 75, 76, 77, 79, 82], "excluded_lines": []}, "autoemulate/emulators/gaussian_process_sk.py": {"executed_lines": [1, 2, 3, 4, 6, 7, 9, 12, 13, 18, 29, 30, 31, 32, 33, 34, 35, 37, 52, 53, 54, 63, 64, 65, 66, 68, 85, 86, 87, 89, 116, 117], "summary": {"covered_lines": 31, "num_statements": 38, "percent_covered": 81.57894736842105, "percent_covered_display": "82", "missing_lines": 7, "excluded_lines": 0}, "missing_lines": [91, 102, 109, 110, 111, 112, 114], "excluded_lines": []}, "autoemulate/emulators/gradient_boosting.py": {"executed_lines": [1, 2, 3, 5, 6, 9, 10, 15, 30, 31, 32, 33, 34, 35, 36, 37, 38, 39, 40, 42, 57, 61, 62, 75, 76, 77, 79, 92, 93, 94, 96, 98, 109, 120, 121, 122, 123, 125, 127, 128], "summary": {"covered_lines": 39, "num_statements": 39, "percent_covered": 100.0, "percent_covered_display": "100", "missing_lines": 0, "excluded_lines": 0}, "missing_lines": [], "excluded_lines": []}, "autoemulate/emulators/neural_net_sk.py": {"executed_lines": [1, 2, 3, 5, 6, 7, 8, 11, 12, 17, 33, 34, 35, 36, 37, 38, 39, 40, 41, 43, 59, 60, 61, 71, 72, 74, 75, 76, 78, 91, 92, 93, 95, 133, 134], "summary": {"covered_lines": 34, "num_statements": 41, "percent_covered": 82.92682926829268, "percent_covered_display": "83", "missing_lines": 7, "excluded_lines": 0}, "missing_lines": [97, 111, 126, 127, 128, 129, 131], "excluded_lines": []}, "autoemulate/emulators/neural_net_torch.py": {"executed_lines": [5, 6, 7, 8, 9, 10, 11, 14, 15, 17, 23, 24, 32, 38, 47, 48, 84, 109], "summary": {"covered_lines": 17, "num_statements": 42, "percent_covered": 40.476190476190474, "percent_covered_display": "40", "missing_lines": 25, "excluded_lines": 0}, "missing_lines": [18, 19, 25, 26, 27, 29, 30, 33, 34, 35, 36, 39, 40, 41, 42, 43, 66, 85, 97, 102, 103, 104, 105, 107, 110], "excluded_lines": []}, "autoemulate/emulators/polynomials.py": {"executed_lines": [1, 3, 5, 6, 7, 8, 9, 12, 13, 19, 21, 23, 38, 39, 40, 46, 47, 48, 50, 63, 64, 65, 66, 68, 89, 90], "summary": {"covered_lines": 25, "num_statements": 30, "percent_covered": 83.33333333333333, "percent_covered_display": "83", "missing_lines": 5, "excluded_lines": 0}, "missing_lines": [82, 83, 84, 85, 87], "excluded_lines": []}, "autoemulate/emulators/random_forest.py": {"executed_lines": [1, 3, 4, 5, 7, 10, 11, 16, 30, 31, 32, 33, 34, 35, 36, 37, 38, 39, 41, 57, 58, 59, 68, 69, 70, 72, 89, 90, 91, 93, 96, 107, 118, 119, 123, 125, 126], "summary": {"covered_lines": 36, "num_statements": 38, "percent_covered": 94.73684210526316, "percent_covered_display": "95", "missing_lines": 2, "excluded_lines": 0}, "missing_lines": [120, 121], "excluded_lines": []}, "autoemulate/emulators/rbf.py": {"executed_lines": [1, 3, 4, 6, 7, 8, 11, 12, 17, 25, 26, 27, 28, 30, 45, 53, 54, 62, 63, 65, 78, 79, 80, 82, 143, 144], "summary": {"covered_lines": 25, "num_statements": 32, "percent_covered": 78.125, "percent_covered_display": "78", "missing_lines": 7, "excluded_lines": 0}, "missing_lines": [90, 113, 136, 137, 138, 139, 141], "excluded_lines": []}, "autoemulate/emulators/support_vector_machines.py": {"executed_lines": [1, 3, 4, 6, 7, 8, 10, 13, 14, 19, 35, 36, 37, 38, 39, 40, 41, 42, 43, 44, 45, 46, 48, 63, 72, 73, 75, 76, 82, 95, 96, 97, 99, 112, 113, 114, 116, 117, 119, 121, 158, 159], "summary": {"covered_lines": 41, "num_statements": 51, "percent_covered": 80.3921568627451, "percent_covered_display": "80", "missing_lines": 10, "excluded_lines": 0}, "missing_lines": [78, 79, 80, 123, 137, 151, 152, 153, 154, 156], "excluded_lines": []}, "autoemulate/emulators/xgboost.py": {"executed_lines": [1, 3, 4, 5, 7, 8, 11, 12, 17, 42, 43, 44, 45, 46, 47, 48, 49, 50, 51, 52, 53, 54, 55, 56, 57, 58, 59, 60, 62, 77, 81, 83, 105, 106, 107, 109, 122, 123, 125, 126, 128, 169, 170], "summary": {"covered_lines": 42, "num_statements": 49, "percent_covered": 85.71428571428571, "percent_covered_display": "86", "missing_lines": 7, "excluded_lines": 0}, "missing_lines": [130, 146, 162, 163, 164, 165, 167], "excluded_lines": []}, "autoemulate/experimental_design.py": {"executed_lines": [1, 2, 5, 6, 18, 19, 29, 30, 41, 42, 52, 54, 67, 69, 77], "summary": {"covered_lines": 15, "num_statements": 18, "percent_covered": 83.33333333333333, "percent_covered_display": "83", "missing_lines": 3, "excluded_lines": 0}, "missing_lines": [16, 27, 38], "excluded_lines": []}, "autoemulate/hyperparam_search.py": {"executed_lines": [1, 2, 3, 5, 13, 14, 16, 35, 36, 37, 38, 39, 41, 66, 67, 70, 71, 77, 80, 87, 88, 107, 108, 109, 111, 113, 114, 133, 134, 135, 136, 137, 138, 139, 141, 143, 144, 145, 147], "summary": {"covered_lines": 38, "num_statements": 42, "percent_covered": 90.47619047619048, "percent_covered_display": "90", "missing_lines": 4, "excluded_lines": 0}, "missing_lines": [74, 82, 97, 98], "excluded_lines": []}, "autoemulate/logging_config.py": {"executed_lines": [1, 2, 5, 7, 8, 9, 12, 13, 16, 17, 20, 23, 30, 31, 32, 33, 37], "summary": {"covered_lines": 17, "num_statements": 21, "percent_covered": 80.95238095238095, "percent_covered_display": "81", "missing_lines": 4, "excluded_lines": 0}, "missing_lines": [24, 25, 26, 27], "excluded_lines": []}, "autoemulate/metrics.py": {"executed_lines": [1, 2, 5, 15, 18, 28, 31], "summary": {"covered_lines": 7, "num_statements": 7, "percent_covered": 100.0, "percent_covered_display": "100", "missing_lines": 0, "excluded_lines": 0}, "missing_lines": [], "excluded_lines": []}, "autoemulate/plotting.py": {"executed_lines": [1, 2, 5, 41, 70, 95],